SELECT hex(NULL);
hex(null)
null
SELECT hex(0);
hex(0)
0
SELECT hex(9223372036854775807);
hex(9223372036854775807)
7FFFFFFFFFFFFFFF
SELECT hex(-255);
hex(-255)
-FF
SELECT hex("你好。");
hex(你好。)
e4bda0e5a5bde38082
SELECT hex("おはようございます");
hex(おはようございます)
e3818ae381afe38288e38186e38194e38196e38184e381bee38199
SELECT hex("-255");
hex(-255)
2d323535
SELECT hex(0x62);
hex(0x62)
0x62
SELECT hex(b'1101100');
hex(1101100)
C
drop table if exists t1;
create table t1 (a blob);
insert into t1 values(0x01020304FFFFFFFF0000000CAAC0000);
select * from t1;
a
0x01020304FFFFFFFF0000000CAAC0000
select hex(0x01020304FFFFFFFF0000000CAAC0000);
hex(0x01020304FFFFFFFF0000000CAAC0000)
0x01020304FFFFFFFF0000000CAAC0000
select hex('0x01020304FFFFFFFF0000000CAAC0000');
hex(0x01020304FFFFFFFF0000000CAAC0000)
307830313032303330344646464646464646303030303030304341414330303030
